{"val_loss": [0.39080424688290805, 0.2722498788847588, 0.29520884752855636, 0.38904385913992884, 0.45745247048544113, 0.39081309582325047, 0.3824499463677057, 0.33962440870527644, 0.36405673264998767, 0.5257296780565411], "val_acc": [0.82249999884516, 0.9012499943375587, 0.8974999926984311, 0.8799999959766864, 0.8462499976158142, 0.8787499953061342, 0.9037499941885472, 0.8924999915063381, 0.8862499929964542, 0.8824999939650298], "loss": [0.6510730813583359, 0.3711194727336988, 0.313777392427437, 0.2552365327454754, 0.24275110744638367, 0.22007124028161343, 0.2123133589045028, 0.16087776079242758, 0.17623245675471935, 0.1373719787052505], "acc": [0.7804999950528145, 0.8609999942779542, 0.8849999922513961, 0.9004999953508377, 0.9199999916553497, 0.9199999910593033, 0.9224999913573265, 0.9404999935626983, 0.9404999929666519, 0.948999993801117]}