{"val_loss": [0.7350307455111761, 0.25732351117767394, 0.38850388415157794, 0.30018911451334135, 0.27779216328635814, 0.3355777428398142, 0.33657723611831897, 0.30312904629390686, 1.027910759423463, 0.4040954677344416], "val_acc": [0.6400000024586916, 0.8924999892711639, 0.8499999947845935, 0.8924999929964542, 0.911249990016222, 0.8887499950826168, 0.8974999956786632, 0.9112499915063381, 0.8012500010430813, 0.9024999909102916], "loss": [0.8066306044906377, 0.41530950331129135, 0.33031758026219904, 0.28023403116269036, 0.2759599535167217, 0.2064791924203746, 0.17535981104301754, 0.15181918879708975, 0.12304218519828282, 0.1104511163803727], "acc": [0.7250000011920928, 0.8309999948740006, 0.867999991774559, 0.9089999908208847, 0.903999993801117, 0.9309999930858612, 0.9379999935626984, 0.9389999949932099, 0.9539999920129776, 0.9629999935626984]}