{"val_loss": [0.33703422773396596, 0.3758019986737054, 0.29340967791504224, 0.29561056913225914, 0.3107149999472313, 0.42120693045089863, 0.3865697963261482, 0.744976877583332, 0.5080412239321049, 0.3630630631894746], "val_acc": [0.8587499938905239, 0.8649999957531691, 0.9024999909102916, 0.8937499940395355, 0.9024999909102916, 0.8899999931454659, 0.8974999949336052, 0.8137499991804361, 0.8887499921023846, 0.8974999919533729], "loss": [0.7750642674975097, 0.39574963627383114, 0.32592883535544387, 0.31423134661694346, 0.2886868013901403, 0.23633406826789724, 0.21265656734569346, 0.16492168705888616, 0.14338972770914551, 0.1707725672846732], "acc": [0.7674999987334012, 0.8489999954402446, 0.8784999930858612, 0.8979999926686287, 0.9049999940395356, 0.9189999923110008, 0.9259999933838844, 0.9359999924898148, 0.9449999925494194, 0.9464999943971634]}